{
  "pc": {
    "shd": 32,
    "skeleton_f1": 0.7733333333333333,
    "orient_f1": 0.6097560975609756
  },
  "hybrid": {
    "shd": 27,
    "skeleton_f1": 0.7733333333333333,
    "orient_f1": 0.64
  }
}