{
  "pc_metrics": {
    "shd": 29,
    "skeleton": {
      "precision": 1.0,
      "recall": 0.6304347826086957,
      "f1": 0.7733333333333333
    },
    "orientation": {
      "precision": 0.7931034482758621,
      "recall": 0.5,
      "f1": 0.6133333333333334
    }
  },
  "hybrid_metrics": {
    "shd": 33,
    "skeleton": {
      "precision": 1.0,
      "recall": 0.6304347826086957,
      "f1": 0.7733333333333333
    },
    "orientation": {
      "precision": 0.7241379310344828,
      "recall": 0.45652173913043476,
      "f1": 0.5599999999999999
    }
  },
  "updates": 24,
  "fallbacks": 5
}